<?xml version="1.0" encoding="UTF-8"?>
<beans xmlns="http://www.springframework.org/schema/beans"
       xmlns:mvc="http://www.springframework.org/schema/mvc"
       xmlns:context="http://www.springframework.org/schema/context"
       xmlns:xsi="http://www.w3.org/2001/XMLSchema-instance" xmlns:mv="http://www.springframework.org/schema/mvc"
       xsi:schemaLocation="http://www.springframework.org/schema/beans
            http://www.springframework.org/schema/beans/spring-beans.xsd
            http://www.springframework.org/schema/context
            http://www.springframework.org/schema/context/spring-context.xsd
            http://www.springframework.org/schema/mvc
            http://www.springframework.org/schema/mvc/spring-mvc.xsd">
    <!--
    context:component-scan 标签作用
    在Spring IOC初始化过程中,自动创建并管理com.imooc.springmvc及子包中
    拥有以下注解的对象.
    @Repository
    @Service
    @Controller
    @Component
    -->
    <context:component-scan base-package="com.imooc.springmvc"></context:component-scan>
    <!--启用Spring MVC的注解开发模式-->
    <mvc:annotation-driven conversion-service="conversionService">
        <mvc:message-converters>
            <bean class="org.springframework.http.converter.StringHttpMessageConverter">
                <property name="supportedMediaTypes">
                    <list>
                        <!-- response.setContentType("text/html;charset=utf-8") -->
                        <value>text/plain;charset=utf-8</value>
                        <value>text/html;charset=utf-8</value>
                    </list>
                </property>
            </bean>
        </mvc:message-converters>
    </mvc:annotation-driven>
    <!-- 将图片/JS/CSS等静态资源排除在外,可提高执行效率 -->
    <mvc:default-servlet-handler/>

    <bean id="conversionService" class="org.springframework.format.support.FormattingConversionServiceFactoryBean">
        <property name="converters">
            <set>
                <bean class="com.imooc.springmvc.converter.MyDateConverter"/>
            </set>
        </property>
    </bean>

    <bean id="ViewResolver" class="org.springframework.web.servlet.view.freemarker.FreeMarkerViewResolver">
        <property name="contentType" value="text/html;charset=utf-8"/>
        <property name="suffix" value=".ftl"/>
    </bean>

    <bean id="freemarkerConfig" class="org.springframework.web.servlet.view.freemarker.FreeMarkerConfigurer">
        <property name="templateLoaderPath" value="/WEB-INF/ftl"/>
        <property name="freemarkerSettings">
            <props>
                <prop key="defaultEncoding">UTF-8</prop>
            </props>
        </property>
    </bean>
</beans>